Date,nvda,msft,googl,amzn,aapl,meta
2023-01-03,100.0,100.0,100.0,100.0,100.0,100.0
2023-01-04,103.03179594926655,95.62567637726693,98.83304496000406,99.207643547432,101.03142520698545,102.10838970148819
2023-01-05,99.65073515439383,92.79154698037685,96.72351986636338,96.85388375921303,99.96002409662049,101.76366393262552
2023-01-06,103.80022794926869,93.88512139958429,98.0027018064944,100.30296217333377,103.63795531214836,104.23281187349158
2023-01-09,109.17221104523153,94.79921503264124,98.76571054027097,101.79445458052155,104.06173197730395,103.79187899141074
2023-01-10,111.13518975836499,95.52132844062785,99.21454072515247,104.71918325117645,104.52547220378801,106.61376586386532
2023-01-11,111.77786561127783,98.40970423486439,102.69299831276872,110.80167405736483,106.73224327515578,106.5335973662258
2023-01-12,115.34055639410768,99.55337370688862,102.25539339842268,111.01141573275038,106.66827442451793,109.59596515134523
2023-01-13,118.05101108315641,99.85389213198266,103.36625649270077,114.33232707468726,107.74764849986688,109.81240657583238
2023-01-17,123.66050467546698,100.32138541783154,102.43492891307125,111.92030225275164,108.69113659305827,108.51370886840192
2023-01-18,121.39017316490104,98.42640042364471,102.24416812788724,111.23281219287841,108.10748099848675,106.63781764216989
2023-01-19,117.11491755541412,96.80688957138146,104.40979376898565,109.15870500850818,108.15545455095237,109.14704368679227
2023-01-20,124.61754755977334,100.26711307458176,109.98653397622738,113.31857416199121,110.23428792104444,111.72837590582077
2023-01-23,134.07616204587336,101.25217523966879,111.97263270441712,113.63318223007151,112.82482272803513,114.8549104433817
2023-01-24,134.5791332940483,101.02678317761034,109.62746294693027,112.23491032083194,113.96020503108902,114.75070245756449
2023-01-25,134.9843053181362,100.42990415842776,106.84471408031702,113.23700844878547,113.42448596282995,113.43595384442851
2023-01-26,138.33044162870513,103.51446341407093,109.42548549295066,115.61407780648952,115.1035602991269,118.08561609637917
2023-01-27,142.2633732837963,103.58125465566803,111.5013519784647,119.13306714907341,116.67865285525329,121.64504577304129
2023-01-30,133.85960090608967,101.30644109644274,108.77469505756929,117.1638352473939,114.33595877557474,117.89321416006968
2023-01-31,136.47925726996678,103.43516624707816,110.9066448870613,120.17012074125853,115.36739632461124,119.42440419769285
2023-02-01,146.30110506188993,105.49711312906815,112.69076616127145,122.52388941947348,116.2788814794071,122.75131696390851
2023-02-02,151.6521254662432,110.44326500133752,120.89317886328868,131.56607325054435,120.58847886812532,151.33076572099262
2023-02-03,147.39784588341143,107.83454063945754,117.57181485098991,120.47308291459228,123.53083618259868,149.5350429924001
2023-02-06,147.321009350934,107.17504118263503,115.4622983590891,119.06315622061024,121.31605512009371,149.15823999238012
2023-02-07,154.89347498885525,111.67875702517765,120.7809777683732,118.9815905074045,123.65076389273722,153.61551259814817
2023-02-08,155.11702369250878,111.33234029712729,111.5013519784647,116.58122047021145,121.46798576862776,147.04986872608225
2023-02-09,156.0391287574658,110.03421486269558,106.60906941647086,114.47214893161362,120.62844242945377,142.63268651419742
2023-02-10,148.55048721589185,109.81716440855145,106.11534675118736,113.73805751276225,120.92472570717176,139.61038454270744
2023-02-13,152.20399632646163,113.24817282462412,106.1602306298495,115.98695090828643,123.19894608757598,143.84320256126244
2023-02-14,160.4680841019987,113.60295710649211,106.23879032011804,116.17338301418691,122.67844476827243,143.88328066501876
2023-02-15,159.02201842716605,112.69494130128565,108.77469505756929,117.87462598675621,124.38409154049903,142.02341576423848
2023-02-16,153.69894827829228,109.69471271787748,107.1701092980077,114.36728253891886,123.08681855370662,138.2395560806171
2023-02-17,149.40973087611115,107.9832820166609,105.86848541854562,113.26030912827456,122.1579434489689,138.59227043195187
2023-02-21,144.28923340423577,105.72786302016021,102.99596019286821,110.20741338543583,118.89877802586672,137.9509470310894
2023-02-22,144.9808155367149,105.24248652045458,102.83888382103048,111.61734007941789,119.24312125040774,137.18133928585146
2023-02-23,165.30913235926158,106.6066053599566,101.98609012644988,111.65229554364949,119.63549973766972,137.9188575098052
2023-02-24,162.66855330891153,104.28424593291479,100.01122527053548,108.94896333312265,117.481416882272,136.5961203141971
2023-02-27,164.1704661545209,104.67759231357803,100.84156842404512,109.25192550645639,118.45034194269562,135.91470651945144
2023-02-28,162.17954385343077,104.36792795756705,101.05476254682036,109.79958481940729,118.04196815726142,140.24370707097086
2023-03-01,158.5609458921192,103.04984363701371,101.39139163678637,107.39920589221823,116.36032667434424,139.02519015130684
2023-03-02,162.86413842204007,105.07510301172263,103.23160485671437,107.35259564324411,116.84079038001298,139.91501991768686
2023-03-03,166.8879084074395,106.82418770511859,105.08303474543797,110.58028648723277,120.94075803149715,148.50890342879177
2023-03-06,164.54074036439613,107.48534121327715,106.74371245071741,109.24027072171387,123.1829137632506,148.22830754198998
2023-03-07,162.7101453159919,106.34716578627892,105.31867940928412,109.00722836683929,121.39719176375439,147.9156712944115
2023-03-08,168.9494264396882,106.15886987947869,105.75627572189026,109.43835761235687,122.4141520868989,148.28444884157872
2023-03-09,163.74421142341345,105.58141136892402,103.59067588601147,107.49242639016646,120.58840481581896,145.65496390543362
2023-03-10,160.45340221684467,104.02062258232829,101.69434491514599,105.72128137912998,118.91479800814106,143.9073447334502
2023-03-13,160.4603897807145,106.2509259444244,102.23295145909164,107.702168065552,120.49233429037712,145.02164137717017
2023-03-14,168.12496057827158,109.12562824761629,105.44210577473505,110.5569769177477,122.18995872941547,155.53954425136996
2023-03-15,169.2778019364353,111.07137640163015,107.84336747793976,112.0950795739096,122.51027198054499,158.52974441144886
2023-03-16,178.45157984951933,115.57384684081384,112.56732259234074,116.56956568546892,124.80047531707037,164.2857147246474
2023-03-17,179.73713158102834,116.92539489016191,114.02604004712033,115.2994608484132,124.11983588527866,156.814177890369
2023-03-20,180.9598619129363,113.91262146250311,113.57720126049895,113.85457869019955,126.04166602385152,158.57784796805797
2023-03-21,183.0489168142523,114.56120418050773,117.72890842630738,117.23374617585709,127.54714941200618,162.06508543942581
2023-03-22,184.92838480460892,113.93772412395604,115.98968823423914,115.00815345982198,126.3860215904436,160.181168760341
2023-03-23,189.97988675079213,116.1847561072116,118.49192576182384,115.0198082445645,127.2668614324604,163.76463792518078
2023-03-24,187.10129047236333,117.40242329547739,118.31239884891518,114.34397296943379,128.3238717112908,165.15150500284977
2023-03-27,185.3685613232739,115.6491288792693,114.96857569380559,114.23910657673902,126.74636011315685,162.61022630732384
2023-03-28,184.52315944033882,115.16794912942414,113.36400713772375,113.30691937724866,126.24187877612766,160.87863346079217
2023-03-29,188.5335943801851,117.37730766107282,113.76796204568298,116.81426282508605,128.74029251401532,164.62242733078415
2023-03-30,191.32136566335117,118.85859819992513,113.20692216414614,118.8534145452247,130.01352318534515,166.61857744853893
2023-03-31,194.07419912716793,120.63695635873117,116.39364314219837,120.356561737155,132.0474685157363,169.90541211099827
2023-04-03,195.3877277842475,120.18924682415657,117.10054272677735,119.33116292971239,133.064465865034,170.81130507321075
2023-04-04,191.81045512910524,120.16830848018498,117.5044890329967,121.12560862023795,132.63204976413724,172.13405455894573
2023-04-05,187.8139686469076,118.97994718970841,117.22397769396815,117.80470616829706,131.1345887091708,169.5366222737042
2023-04-06,188.90393526528806,122.01784922472343,121.656204800545,118.92332547368787,131.8553027807505,173.24035033006672
2023-04-10,192.69082150148077,121.09308533893004,119.43447861198884,119.0515014358677,129.7492675301248,172.1580940471234
2023-04-11,189.82618701574617,118.34809957933908,118.21140582105542,116.42973493854656,128.76432248742685,171.43660214862143
2023-04-12,185.11702235900424,118.62428074712786,117.41472127567243,113.99440943712192,128.2037835544885,171.55684875001728
2023-04-13,184.89343365021404,121.28137475925445,120.54533310452706,119.31950814496987,132.57596748412595,176.6474315939219
2023-04-14,186.9545783011872,119.73316973576433,122.16113553288423,119.4476841071497,132.29572887278442,177.5613254287334
2023-04-17,188.65938386488824,120.84619709597884,118.90709733857867,119.71568192625588,132.31172417095667,175.45295416243553
2023-04-18,193.30564711175583,120.6662622565204,117.25762770035494,119.20298696753258,133.30469154684283,174.6753332544717
2023-04-19,195.150150612672,120.69974544474262,116.89857387453759,121.53344607626249,134.23360367773373,172.9196763395086
2023-04-20,189.37202203429587,119.72058597265874,118.14408000306223,120.96247719382653,133.44882201910772,170.81130507321075
2023-04-21,189.47682215729833,119.57414729437417,118.27874024078851,124.63295206807533,132.1435760673313,170.66698211325658
2023-04-24,188.9388464145463,117.90454138929417,118.90709733857867,123.7590299023016,132.39183642437945,170.58681361561707
2023-04-25,183.34235449165007,115.2474344042159,116.52828617644491,119.51759503561289,131.14259870030799,166.38607282821937
2023-04-26,188.3379692619199,123.59537311895443,116.37119260112743,122.32580252883048,131.1345887091708,167.8691715993603
2023-04-27,190.22443815119195,127.55382283047491,120.72486001743572,127.96550930475877,134.8581855136163,191.24579178374293
2023-04-28,193.87856067385718,128.57062980826237,120.44434867840718,122.87345295178538,135.8751581788119,192.65674751009712
2023-05-01,201.99030888899466,127.85928395014963,120.2872551030897,118.91167957894133,135.80309294267946,194.9494952598517
2023-05-02,197.09948090668175,127.79653378299314,118.17773861118887,120.75273551844101,134.96230305634847,191.79092036151408
2023-05-03,194.2488615538235,127.3738879910165,118.27874024078851,120.77604508792605,134.0894608634178,190.0192494112261
2023-05-04,192.57200624560193,127.79653378299314,117.47083902660991,121.1838736539546,132.76016025412778,187.20541257187804
2023-05-05,200.38334255451736,129.98915720700654,118.4582585519573,123.11815898139848,138.99019312964919,186.6121681473709
2023-05-08,203.67415176108614,129.15228506867751,120.92683747141535,123.31624587204149,138.93412319168897,187.0049728925889
2023-05-09,199.62176476792953,128.46186458158468,120.45556534720279,124.23677828678932,137.54880201264294,187.08514139022842
2023-05-10,201.81565979738468,130.6837939033873,125.39273178785872,128.39664744027235,138.98219548056306,186.85264906003573
2023-05-11,199.6706510449275,129.76322028097857,130.80117035272724,130.7154517642597,139.13432360191405,189.02516249852135
2023-05-12,198.00781086958233,129.28616592975976,131.85592429780772,128.47821315347804,138.38054517554778,187.43788032181698
2023-05-15,202.2907341302623,129.49122937657444,130.73385313647393,129.5735228893838,137.97961364690207,191.48628498653463
2023-05-16,204.10734071588124,130.4452602413021,134.10009242569492,132.1370332429843,137.97961364690207,191.45425691588486
2023-05-17,210.84965976298022,131.67817064776284,135.5924598868613,134.5840135291515,138.4767761476534,194.39635351935465
2023-05-18,221.32995209918283,133.5736615870642,137.82541134595294,137.6718736262178,140.3692445467573,197.89162873370213
2023-05-19,218.43740736310542,133.4981849543339,137.7468516556844,135.45793569492523,140.45742850157256,196.9216058894288
2023-05-22,217.82254174769372,134.6891538080932,140.31644080648192,134.01305353671157,139.687642434983,199.07007983973674
2023-05-23,214.4129706254283,132.20657194163314,137.52244086411358,133.9897439672265,137.57064744301707,197.80342249308296
2023-05-24,213.3649427253126,131.6152907510898,135.65978570485453,136.04055047210767,137.79518637793012,199.78355857551284
2023-05-25,265.3611657070101,136.67692135251843,138.55476147160286,134.00139875196902,138.7173474068919,202.57336821681014
2023-05-26,272.1105123231156,139.5998441170129,139.8227181411984,139.95572248597358,140.67390807714423,210.06896911951992
2023-05-30,280.250197458687,138.8952960855675,138.76796419611793,141.76183185123764,142.17344259668857,210.4537484118852
2023-05-31,264.34108806237384,137.71275965038413,137.8702952246151,140.50338179892447,142.13335561484953,212.21743077970103
2023-06-01,277.8677048799733,139.46982919552391,138.82405614183583,143.05522847778644,144.41069853417162,218.54256915884832
2023-06-02,274.772480786533,140.65243049546555,139.89004395919162,144.7797721298448,145.10029829503205,218.54256915884832
2023-06-05,273.6825808433803,140.87888633955973,141.39364529263335,146.00326671792638,144.00171998823558,217.56454544197598
2023-06-06,270.070330363752,139.93113438343323,142.85234554393318,147.52971458934573,143.70505410693474,217.34809172736198
2023-06-07,261.85991614656655,135.61176418391184,137.45511504612037,141.2607827872609,142.59041879171073,211.31953869008754
2023-06-08,269.0920980920617,136.4001434289535,137.0511773416409,144.7797721298448,144.79559773849192,212.10517276077726
2023-06-09,270.90886469822726,137.04175967191924,137.15216176776076,143.8242842508654,145.1083453123224,212.40178268290398
2023-06-12,275.88401017357296,139.16369348236316,138.73428838451153,147.48310434037165,147.37764121435416,217.29197500802698
2023-06-13,286.6449118733512,140.18694801712326,138.9474997107665,147.58797962306238,146.99274201003385,217.5084041423873
2023-06-14,300.44540385652186,141.46597726671843,138.76796419611793,147.3083181292177,147.50594917716163,219.13578900310173
2023-06-15,298.0416818852874,145.97826823030516,140.36131608340418,148.11232936652823,149.15782163292494,225.93392520536037
2023-06-16,298.31419687621224,143.55855328756647,138.61087062080045,146.22465428805845,148.28375757693942,225.26856231632019
2023-06-20,306.11231815498445,141.76373245310992,138.12836462431255,146.5625719256238,148.35594623358247,227.9381007759679
2023-06-21,300.7808069222755,139.88079933101082,135.26706466917062,145.4556074049755,147.51397151034985,225.7816505333147
2023-06-22,300.6410556448782,142.45986103893105,138.18448237525004,151.6546193886012,149.95168704113027,228.37902136792187
2023-06-23,294.9391768569751,140.49305778438074,137.2755881332117,150.69914039961776,149.6950711155153,231.46546551159958
2023-06-26,283.91973529401173,137.80079410031672,132.78725187743726,148.36868129088788,148.56442816006802,223.240347257535
2023-06-27,292.6122914182181,140.30434025665167,132.77603520864164,150.52434529846784,150.80167175550002,230.11863966730627
2023-06-28,287.30875711107973,140.84113505024294,134.85189309241582,150.36121387205642,151.75592211721468,228.7077331014596
2023-06-29,285.2473724292866,140.50564154748633,133.64003697027798,149.03286178127607,152.028558025104,225.69348116307614
2023-06-30,295.58899362678164,142.80793830479328,134.31328654847016,151.89932541821432,155.54082188926935,230.06254752822505
2023-07-03,296.3646398864281,141.73857789985036,134.53771454352074,151.7361939918029,154.32995560193973,229.29291520273333
2023-07-05,295.6938604250119,141.8056610328597,136.61355522381513,151.92263498769935,153.4238268973034,235.98685570930164
2023-07-06,294.1984950867691,143.1140610450024,134.77334200388714,149.5688663094844,153.8087261016237,234.07886267165853
2023-07-07,296.9935473048073,141.4156551872477,134.06643381756828,151.2234901430836,152.90260973903844,232.90849846911107
2023-07-10,294.73651083465785,139.15531295559384,130.66652731848072,148.1356300460173,151.242739634189,235.77042657494135
2023-07-11,296.30873937546914,139.42371035238946,131.44076132279275,150.05826058871864,150.81772876392753,239.12941657231434
2023-07-12,306.769149158752,141.40726168752673,133.44928478683386,152.41202926693362,152.17291065428793,247.98782048426173
2023-07-13,321.26845086909157,143.69696170877643,139.74416705266975,156.4903327072109,152.79034644260742,251.25062794867029
2023-07-14,317.71871508301666,144.7788929038733,140.73159517975702,156.93310784747504,152.91064441427773,247.61105435462238
2023-07-17,324.6503784419253,144.98438445809256,139.86760201986056,155.62805643618373,155.55682952949263,249.01394775774315
2023-07-18,331.8685852596807,150.75472740844793,138.86894002049794,154.77744383989508,155.34835994505812,250.16034621287423
2023-07-19,328.9547444558548,148.90536828523267,136.92774237445008,157.72547319003905,156.44693825185462,253.3349597267905
2023-07-20,318.07508084037994,145.46245069954045,133.75224666693333,151.43324070846512,154.86721742658113,242.52045922059088
2023-07-21,309.6131143238792,144.16243121416707,134.67235757776726,151.47984206744326,153.91297940691754,235.89866175880934
2023-07-24,311.73037284654015,144.72439353396956,136.36670249291325,150.0815701582037,154.5624921859389,233.77423958680592
2023-07-25,319.1861034956888,147.18602408350637,137.1297198284297,150.46609804474318,155.2601389640897,236.06703649706802
2023-07-26,317.5999264972289,141.64630129472653,145.05163839489813,149.3241602798713,155.96579573337763,239.35388344965423
2023-07-27,320.7303817810207,138.68983047725155,145.1974894962004,149.44069034730458,154.93940608322418,249.88780035917895
2023-07-28,326.6698377404992,141.89793763798355,148.76571484114092,154.05500720578624,157.03232173357438,260.92674316246473
2023-07-31,326.52304555904976,140.8704928398388,148.92279981471853,155.7678782931101,157.5294472081725,255.41125376193102
2023-08-01,324.97180637993915,141.04661363151055,147.6099678682007,153.4490828591187,156.85587977163752,258.7060892969894
2023-08-02,309.3336384391756,137.33950188535906,144.05296779379566,149.39408898832647,154.42617423199428,251.97208297679163
2023-08-03,311.05255248107187,136.98724732906385,144.13151028058445,150.20974612038353,153.29553127654697,251.07426462793944
2023-08-04,312.20550051960004,137.45693304374248,143.75000591369616,162.63109743711195,145.93427536917852,249.10214170823548
2023-08-07,317.3553884318747,138.43401684356152,147.5875345306095,165.71894864418226,143.41637353266898,253.7758557384907
2023-08-08,312.09375283786443,136.73142072242217,147.441631818868,163.06222668262956,144.17814960812137,250.6333440359855
2023-08-09,297.3499130621705,135.12949470612762,145.4892261057644,160.6269011812049,142.88712169916474,244.67693404349782
2023-08-10,296.1899507896814,135.42303368323115,145.52289331563094,161.4542042080085,142.7106920792789,245.10180372974622
2023-08-11,285.4779620369922,134.61788041169922,145.37702501084894,161.27942688685053,142.75887544661254,241.81500593766754
2023-08-14,305.7280021421417,135.8885291345251,147.36313234077858,163.79632699147692,144.09985163620422,245.46256811418758
2023-08-15,307.03472992598915,134.97431225842743,145.62387774175082,160.41715061582335,142.48588161924255,242.06351230318512
2023-08-16,303.8623225888871,134.64653766190568,144.4120130178731,157.38756444246968,141.77928685407412,235.9227504074945
2023-08-17,302.8700618492748,133.1672709035116,145.78097991880819,156.117450715418,139.71565889088652,228.5473715259268
2023-08-18,302.55562147513075,132.99918036891444,143.02064718630638,155.23188265489773,140.10912347864164,227.07231049776547
2023-08-21,328.18613910026045,135.26851285606537,144.04174252326018,156.93310784747504,141.19310113903555,232.40339883458873
2023-08-22,319.1092136230292,135.5122356988127,144.8384184669033,156.43206767349426,142.30924218448874,230.55958483951397
2023-08-23,329.22728611687074,137.4201547257998,148.5300615755549,157.9119141859355,145.43275612440343,235.88263543335754
2023-08-24,329.5556749486634,134.46582444534795,145.62387774175082,153.62386018027667,141.626714418885,229.87814646451454
2023-08-25,321.55491431766507,135.73077804239716,145.73609604014604,155.27848401387584,143.4173238706005,228.87605867921076
2023-08-28,327.2637539993469,136.0333591668044,147.00404410800172,155.1386621569495,144.6860126671407,232.69202017424328
2023-08-29,340.882569321901,138.01272023855702,150.99865769849268,157.20112344657323,147.84164062391042,238.88884962876133
2023-08-30,344.2366266495285,138.17241727343324,152.46859182206785,157.38756444246968,150.6761037280276,236.57206239082907
2023-08-31,344.8724682915953,137.73954879555225,152.7939956414984,160.81332439710937,150.85275550483246,237.20542178947318
2023-09-01,338.96098925768734,138.11776222810963,152.22173909116597,160.9415003592892,152.12947897661192,237.59823882481808
2023-09-05,339.23347757852105,140.1727556080124,152.34515685487705,159.95106590607418,152.3221877618443,240.62047934567366
2023-09-06,328.87006691659207,139.89120363823835,150.8752399347816,157.72547319003905,146.87007436456025,239.83486985523768
2023-09-07,323.13975781156967,138.64306298653432,151.77288310106485,160.6269011812049,142.57420133661944,239.4340396571669
2023-09-08,318.46467753126166,140.4753497053713,153.02963170360468,161.069676321469,143.07203030812795,238.80876716201
2023-09-11,315.7113106656228,142.01765203585828,153.63555546380366,166.74435634162086,144.01951722586236,246.56086301270955
2023-09-12,313.55898097315696,139.42473521557025,151.86265085838912,164.56536498456384,141.56248638517494,241.83103226311934
2023-09-13,317.85673280449214,141.2275863071014,153.39993660517712,168.78350806175953,139.8842759924521,244.556687442102
2023-09-14,318.5275922761816,142.33703313265906,154.95962128259683,168.63202253009464,141.11281609689794,249.8957889416511
2023-09-15,306.78045727738106,138.77333736705643,154.17414480426956,163.58657642609538,140.52665506596148,240.74876369004917
2023-09-18,307.24163649279234,138.28586573565846,155.0830390463079,163.10882804160767,142.90341320656236,242.54449870876854
2023-09-19,304.1249429760115,138.11355899177335,154.89228686286376,160.37054925684524,143.7866720905867,244.5647006048279
2023-09-20,295.17312689616017,134.80201848749394,150.06733011886314,157.64389858683734,140.9120849784773,240.2357246335622
2023-09-21,286.6335504145399,134.2809339383572,146.36447034141597,150.69914039961776,139.65942850626254,237.0771374450977
2023-09-22,290.77754917064686,133.22190000293187,146.15126761690087,150.45443437000466,140.3499786050545,239.76270223019714
2023-09-25,295.0543116402813,133.44465855580432,147.11626240639694,152.9596885798845,141.38580992426796,241.16562021357169
2023-09-26,292.8809925861147,131.1753260686534,144.26617051831073,146.7956231704944,138.07760953230908,239.66649511697895
2023-09-27,296.7733857027242,131.44848453870648,146.47665423285167,146.7956231704944,136.84906942786324,238.6884714001066
2023-09-28,301.1130362471875,131.80566881663069,148.4627615627813,146.7956231704944,137.05783522152316,243.67484625819404
2023-09-29,303.97825747492647,132.69239600817087,146.83572526214877,148.12398415127075,137.47537915089404,240.66858290228274
2023-10-02,312.9440220124264,135.23487399242327,150.5498189118713,150.85062593128265,139.51491543041485,245.96764316845614
2023-10-03,304.10395361431074,131.70063980002973,148.59739599528797,145.32743144279567,138.43090074386777,241.2538387443177
2023-10-04,307.7658104633968,134.04137541309123,151.7504669669534,147.9841534043484,139.4426403794144,244.97351938537076
2023-10-05,312.28713766847665,134.2094918935917,151.55971478350926,146.77231360100933,140.44637002382385,244.34023372748794
2023-10-06,319.79244801699207,137.52942589759203,154.3761480634688,149.10277270973924,142.51800797814863,252.8699750664051
2023-10-09,316.37520924353356,138.60525980541092,155.31867510841417,149.45233624205113,143.7224440568766,255.2188641157484
2023-10-10,320.0440003163073,138.0043137658844,154.91472020045492,150.87391772077572,143.24065975174457,258.00864917679195
2023-10-11,327.0880514391381,139.6978807126717,157.7087201428233,153.61221428553014,144.37284546357424,262.80265896895054
2023-10-12,328.059402827323,139.16836374495904,155.93581553740876,154.1948290627126,145.10355659651157,259.868538657826
2023-10-13,317.6889512613419,137.72693908654335,154.12927812908717,151.23513603783013,143.6100326558329,252.27673064189796
2023-10-16,322.1194934762957,139.79036488502203,156.0817010456705,154.45118098707226,143.50563124592634,257.455495146168
2023-10-17,307.0460380446183,139.54661609637137,156.77739256319376,153.19273093475908,142.24498946667651,259.74025431345046
2023-10-18,294.8726349796647,138.72711474030874,154.80253630901925,149.30086849037824,141.19310113903555,254.10454289177466
2023-10-19,294.20876307184506,139.2356155263399,154.56690024691295,149.61546766846254,140.88798095275945,250.76959238257936
2023-10-20,289.21918907721084,137.2814738726051,152.15440467143287,145.8517811862615,138.81634299843466,247.43466645363782
2023-10-23,300.31640062584034,138.3951369074507,153.1642833395911,147.4714495556291,138.91268504899978,251.7316143542537
2023-10-24,305.12427128976697,138.9036247205302,155.7562800227602,149.80190866435902,139.2659762605585,250.56115183069122
2023-10-25,291.95855414501887,143.164915015491,140.944806506012,141.44721489316137,137.38705943351715,240.1234911948922
2023-10-26,281.80477039918594,137.79417789497253,137.20827091695838,139.326497459817,134.0065716485068,231.1607932662395
2023-10-27,283.0207131929073,138.6010306231713,137.08483594976758,148.84642078537956,135.07452932662633,237.8787978412392
2023-10-30,287.63989296225634,141.75288706552612,139.65439929534546,154.63762198296874,136.73665802681953,242.6326680790071
2023-10-31,284.97739109701683,142.08908110767214,139.22801104979504,155.08039712323284,137.12208793933536,241.51834685503334
2023-11-01,295.7741373992421,145.4342345296903,141.8873507544371,159.63644894799788,139.69156720721972,250.00000921759516
2023-11-02,304.0271170818333,146.3797810840354,143.05432299791278,160.88325310556453,142.5822483539098,249.2143751469054
2023-11-03,314.5023821058624,148.26246772005305,144.86086900797423,161.5008233469786,141.84350254573317,252.204612177365
2023-11-06,319.7155314742413,149.82998946855787,146.15126761690087,162.82918432775494,143.91516518416006,253.16658498853178
2023-11-07,321.1411545242409,151.51097265223953,146.95917743281933,166.2899175266182,145.99483781372413,255.58764166291562
2023-11-08,325.4668032708733,152.6330291868061,147.9353544841515,165.55581721777085,146.8539926720306,256.3572248278998
2023-11-09,328.0943406466724,151.5782244336204,146.14005094810528,163.83128245570848,146.46859978566795,256.9745087405846
2023-11-10,337.77294337926327,155.35201715127994,148.7769315099365,167.28035197983323,149.86960005953804,263.5642289712088
2023-11-13,339.76458577281323,154.09548299985497,148.21589162839967,166.15007788969987,148.5831633935753,263.9009538674725
2023-11-14,347.0043153540915,155.6041594396515,149.93266127939697,169.89047258240782,150.705774018773,269.6087837536813
2023-11-15,341.6374662506666,155.66732474126098,151.0547582459504,166.86086862906217,151.16405905868905,266.72279157941955
2023-11-16,345.77445077281254,158.4044618651005,153.6467549291195,166.4297393835446,152.5309041873,267.90925584818007
2023-11-17,344.5026074681322,155.74313867073428,151.82900085200234,169.168018168307,152.51483483682142,268.59069422317947
2023-11-20,352.26643100974167,158.9392717970885,152.88376339882268,170.27500046894727,153.92990035891918,272.54290406480584
2023-11-21,349.01692043925107,157.09905860479017,153.69163880778166,167.67652576111922,153.27863500864746,270.1459114588534
2023-11-22,340.4354452445027,159.11190286476503,155.39722619694285,170.95083574407798,153.81731616916065,273.76142098446985
2023-11-24,333.866575134914,158.9350426148489,153.37746886062644,170.9857912083096,152.7399415060832,271.1479992441572
2023-11-27,337.12304659918334,159.4319326091486,153.06329891347124,172.13935708793602,152.59521861536751,268.3180992089767
2023-11-28,334.18104217914913,161.15424761680393,153.94972541095888,171.32369995587894,153.08566704034283,271.7572699941161
2023-11-29,336.41031508445684,159.53301784844635,151.469947026185,170.49639692907533,152.25752775634717,266.31392363836915
2023-11-30,326.8364991398229,159.55827618531913,148.7096142936832,170.22838132997717,152.72387215560462,262.26548210327087
2023-12-01,326.80153465038245,157.70545328401192,147.95782222870218,171.32369995587894,153.76106110043455,260.3976532002722
2023-12-04,318.0313685610566,155.44413808098392,145.05163839489813,168.771844387021,152.30576049188505,256.54961447408243
2023-12-05,325.4395464377626,156.86745249888887,146.98161077041053,171.148922634721,155.51380513950159,255.16274739641344
2023-12-06,318.0104325395381,155.30095561356484,145.89318101372365,168.39898017522003,154.6293861026777,254.48937134464745
2023-12-07,325.64920002394973,156.20633790958527,153.6467549291195,171.148922634721,156.1972338748326,261.81659750909853
2023-12-08,332.00897661926456,157.58752915346562,151.469947026185,171.77813877088158,157.3550293426093,266.7548688105769
2023-12-11,325.86584117400673,156.35372361334066,149.56239078478404,169.99533897510258,155.32084951324802,260.76640616718566
2023-12-12,333.0642587841612,157.65069445507504,148.6983976248876,171.84804969934478,156.55101876843364,267.93329533635773
2023-12-13,336.0764855540785,157.64649121873876,148.7544981723453,173.43276260448079,159.1640901606577,268.35015185988027
2023-12-14,337.9074939888949,154.09240841031266,148.04758998602648,171.77813877088158,159.28468434155343,267.09159370684057
2023-12-15,341.681445230901,156.11368508886343,148.78816538221187,174.74947769051062,158.85051566940632,268.4944871099613
2023-12-18,349.9771237293535,156.92221132782572,152.37882406474355,179.52692597540369,157.49975223332498,276.2706470290923
2023-12-19,346.6714192769018,157.1790757705998,153.33256777848456,179.20064534258887,158.3439732098503,280.8722180145607
2023-12-20,336.23714618290325,156.0673846244058,155.2289073510899,177.25471412039846,156.6474965815604,280.0064523166121
2023-12-21,342.3803349683433,157.2969739552428,157.56283463456154,179.25891037630552,156.52687771656258,283.86243046476653
2023-12-22,341.2621380585267,157.73490188426933,158.76346548616388,178.7695160970713,155.65854037226833,283.3012878516705
2023-12-26,344.40006096782827,157.7686056126697,158.79714989951017,178.75787020232474,155.21632468283087,284.45567488927367
2023-12-27,345.36453147250774,157.52016061551984,157.5067340871038,178.67629559912305,155.29674548753013,286.86068065795195
2023-12-28,346.0983590292994,158.02968626473174,157.34963191004644,178.72291473809315,155.64247102178976,287.2534976932968
2023-12-29,346.0983590292994,158.34971600911533,156.74372535332722,177.0449813350089,154.79822536116234,283.75821018882243
2024-01-02,336.6355440038501,156.17264715413657,155.03815516764575,174.70285855154052,149.25852042751384,277.6094597106597
2024-01-03,332.44924648324843,156.05895220582988,155.87973219343075,173.0016333589632,148.14093536208676,276.1504004276964
2024-01-04,335.4474714553349,154.9388416140116,153.04086557588005,168.45724520893668,146.25953778278262,278.27479801944605
2024-01-05,343.1281109827835,154.85882444820197,152.3002729762149,169.23794687676218,145.67259920262944,282.14690081406724
2024-01-08,365.18467637911374,157.78125424053357,155.7899644361065,173.73573366781054,149.19420599944632,287.5260681272458
2024-01-09,371.38376567551273,158.24445347938456,158.1575417259649,176.38079195462475,148.856515140426,286.54000666739387
2024-01-10,379.84018481306333,161.18369621706134,159.64992639061103,179.1307344141257,149.70074845900237,296.9937673694059
2024-01-11,383.1389017016451,161.96696411915084,159.42550699730035,180.8203137119565,149.21833470926634,296.3524439685434
2024-01-12,382.35610785758223,163.5839647052688,160.0650807638861,180.16778800631084,149.48365178087775,300.2164352794237
2024-01-16,394.0413949151071,164.34193535163055,159.8855624527173,178.46656281373353,147.64245226187217,294.58072385774796
2024-01-17,391.7420863505541,164.00507968895013,158.74103214857269,176.77698351590274,146.87861506389294,295.31026578935644
2024-01-18,399.1082588337676,165.85791556320902,160.99642554699537,178.86273659501953,151.66254215890368,301.5311838925597
2024-01-19,415.76951813946243,167.87917926880812,164.25046374130093,181.00675470785293,154.01834349680666,307.3993999345551
2024-01-22,416.9086777408886,166.96960670940302,163.81284162347518,180.3542290022073,155.8916940588205,306.0606118332414
2024-01-23,418.4392475993918,167.97600937996296,164.99103913748633,181.79912005041695,156.9289076877525,308.8023179179296
2024-01-24,428.84551709772865,169.5172479284142,166.85367709326567,182.78955450363196,156.38216716789793,313.21149925721545
2024-01-25,430.627612585456,170.4899987623804,170.41068576941058,183.81496220107053,156.1168254121844,315.19962392211744
2024-01-26,426.53223340543593,170.09414211557188,170.76975679870768,185.4113210009531,154.70979456532592,315.9692316673554
2024-01-29,436.5541068806568,172.53230459556434,172.2508903875987,187.9049115360944,154.15501937023203,321.48472106788915
2024-01-30,438.7136374977214,172.05645672884947,169.95063031399363,185.27149914402673,151.18818776850904,320.7150887423974
2024-01-31,429.9986251568034,167.42017029334178,157.20376360526444,180.84362328144155,148.26154188503355,312.7625655025356
2024-02-01,440.4818378679822,170.0309768139624,158.39319499155093,185.59776199684956,150.2394419615666,316.48227072384236
2024-02-02,462.3777159653966,173.16395761165884,159.76211028204673,200.198086890643,149.42737202804955,380.784017919005
2024-02-05,484.54610905373585,170.81844795238823,161.22084494030608,198.45024255909559,150.89872964502658,368.2940781559894
2024-02-06,476.7955672174974,170.75105346853917,161.69209986103888,197.09857200883417,152.20124800351897,364.5342333802918
2024-02-07,489.90642398483965,174.35565295071083,163.30790228939605,198.70659448345523,152.28969114140648,376.45501736748554
2024-02-08,486.7055863306182,174.38093723348692,163.7230738661509,197.9025832461447,151.41331912187295,376.7837291010233
2024-02-09,504.1217425650787,177.09279007455038,167.1903319884513,203.2742922029668,152.0331986363021,375.26852851847127
2024-02-12,504.9253657502956,174.86520454582603,165.54084514674784,200.81565713205705,150.66461327849183,375.90186333686165
2024-02-13,504.08675140554715,171.10058370498678,162.85906350277472,196.50431133690515,148.9659397651135,368.8632339318113
2024-02-14,516.4709015304231,172.75432369019242,163.75674107601745,199.23094422692108,148.24947135909804,379.4132017470415
2024-02-15,507.79069365839905,171.51823491057613,160.19973239987252,197.85598188716656,148.01599677921834,388.0311124561972
2024-02-16,507.47625328425505,170.46354691395533,157.67505293295673,197.51805535960523,146.76817839101864,379.4452543979451
2024-02-20,485.3847233984844,169.9277640105932,158.34829390940905,194.68655607689456,146.16439291117018,378.18664708439786
2024-02-21,471.5469999681292,169.6704065956562,159.95287966897064,196.44604630318852,146.77623775036005,375.60252500656753
2024-02-22,548.8848234780012,173.6655827333127,161.6808831922433,203.42577773463168,148.42659213384312,390.1281276452578
2024-02-23,550.8346204986053,173.11293499279873,161.53503209094106,203.90352611911936,146.9372521484734,388.4428317066838
2024-02-26,552.7566272842766,171.93166990687757,154.3648969877137,203.6005550557896,145.8423887990456,386.6050152935266
2024-02-27,550.023903069154,171.9063726511498,155.83484831476864,202.21392904129664,147.0258063648204,390.866420147205
2024-02-28,542.769638288223,172.00761356586744,153.02963170360468,201.77115390103245,146.05169764295212,388.43476938345043
2024-02-29,552.8963785616739,174.5051272996827,155.36355898707632,205.9659696287511,145.51230064347752,393.33818588509655
2024-03-01,575.0297804904816,175.28980925350263,153.8824253981853,207.66721260132041,144.6348178393487,403.1048301734905
2024-03-04,595.7025682097582,175.04512641233282,149.62974240799687,206.92146639772653,140.96381051446483,399.80645508189065
2024-03-05,600.81165088264,169.8686981617068,148.86671647074056,202.88976431642732,136.95465567467144,393.41040267064454
2024-03-06,619.9338395049924,169.6324477391129,147.441631818868,202.17897357706502,136.14959602615576,398.1211591433167
2024-03-07,647.673561285269,172.60666555445226,150.78547217745734,206.03589833720628,136.0529947925184,411.04172037196065
2024-03-08,611.7426544234946,171.37479298412396,151.9412019469178,204.32300946989042,137.44573354425077,406.03400985360923
2024-03-11,599.483747046454,170.65760929776636,154.47713248958868,200.37288199179292,139.0719345338117,388.08968720090826
2024-03-12,642.3898961960049,175.1970007573609,155.40844286573844,204.3696108288686,139.45835181041227,401.05840114666887
2024-03-13,635.2260430239243,175.1210700713227,156.85590924476293,205.7329272738765,137.76776234047745,397.703909335734
2024-03-14,614.6500677353639,179.39045548811637,160.57002009796523,208.28478284273447,139.27319636042787,394.70243912930596
2024-03-15,613.9021850405592,175.67794699407628,158.4156111256624,203.2393367387352,138.9672615987819,388.4990221667801
2024-03-18,618.2215129755994,176.05762637017074,165.7091639926008,203.30924766719835,139.85282844635424,398.83543673734005
2024-03-19,624.8123325701687,177.78310677802995,164.97980526521098,204.96387150079758,141.7527391022466,398.2415778064889
2024-03-20,631.6196599643395,179.39467169740436,166.89857817540755,207.5856379981187,143.8378052081234,405.68892767106706
2024-03-21,639.049040563475,181.141246124655,165.61941343875625,207.5856379981187,137.96095246570113,407.486555369326
2024-03-22,658.9960284233829,180.87546926409374,169.17640491142143,208.42460469966082,138.69355193245048,408.9471140477687
2024-03-25,663.9791749260605,178.3948203674303,168.39094563657392,209.40341103812128,137.54234711993917,403.68263819863614
2024-03-26,646.9187443667768,177.88434769274758,169.06418661302624,207.76043309926862,136.62459220320545,397.96069924676885
2024-03-27,630.7669104713045,177.79153919660587,169.28858880285716,209.54323289504765,139.52275263283718,396.3315691880374
2024-03-28,631.5078056022394,177.49201968878927,169.35592322259023,210.18411270594677,138.04950668204816,389.6867400284824
2024-04-01,631.5567185493285,179.11623323602754,174.4726337796346,210.871593875824,136.88220783495618,394.3172419726268
2024-04-02,625.1896610191415,177.79575540589383,173.42907069813012,210.54533102300118,135.9241808056175,399.1484171084711
2024-04-03,621.7789830880952,177.37810420030445,173.83302560608936,212.54952727890824,136.57627307331018,406.6680083388511
2024-04-04,600.3992779339534,176.29387679276462,168.90710163944863,209.74131978569065,135.90809911308787,410.02254931029347
2024-04-05,615.0973785033998,179.51700663151342,171.11759395572943,215.64904216071707,136.51994395227774,423.19994961047985
2024-04-08,608.9819266127104,179.12466565460346,173.75450892452017,215.78886401764345,135.61023605283435,416.7075180242392
2024-04-09,596.5482234585587,179.83764610462478,175.71813130641937,216.34816922534088,136.592391791993,414.8215734742192
2024-04-10,608.3249355883962,178.5635725225619,175.20197530354466,216.67443207816368,135.07083905335975,417.1730188699535
2024-04-11,633.3249989298625,180.53373577159095,178.87118507460505,220.2866508086918,140.91547904251848,419.8453840587836
2024-04-12,616.3414315731474,177.98981778970483,176.98609657775478,216.88418264354522,142.1311093615568,410.8089945293573
2024-04-15,601.0702440860073,174.5051272996827,173.76572559331575,213.95944508289432,139.0236277459675,401.4436474638555
2024-04-16,610.9528463454708,174.90167151292897,173.24953518348156,213.6098904405784,136.35892955416438,401.0664388896485
2024-04-17,587.3296531274615,173.74574260159054,174.45018323856368,211.2328121928784,135.2479474860538,396.58034593634636
2024-04-18,591.7747572121594,170.55212622785746,175.05610699876263,208.83244215568536,134.47510059080165,402.70355753085204
2024-04-19,532.5700353258692,168.3794681764415,172.9017324334193,203.48404276834833,132.83280556665997,386.0673714030255
2024-04-22,555.7598929035821,169.15573068463715,175.35906027712224,206.513628941702,133.50905122827476,386.5970512913083
2024-04-23,576.0632465208532,171.94433150769308,177.58080366915817,209.20530636748632,134.36239298053252,398.1292214665501
2024-04-24,556.8711822598021,172.57292290719695,178.55701512744983,205.7678827381081,136.0691135112012,396.0426774655915
2024-04-25,577.5239674107489,168.34572552918615,175.0448731264873,202.36541457296147,136.76948788263599,354.21541827142437
2024-04-26,613.1894001856505,171.41699399585852,192.94210039864763,209.29852686543455,136.29451638968843,355.7482428959226
2024-04-29,613.3431265907876,169.69993303362355,186.43404121351625,210.85994798107745,139.67572001366017,347.1853673749364
2024-04-30,603.8728972800108,164.24929550386037,182.6526303475404,203.91517201386588,137.12371709007513,345.2192174568962
2024-05-01,580.3824677755291,166.61602891203898,183.86446066445862,208.5760902313257,136.29451638968843,352.45793012755615
2024-05-02,599.7842656330406,167.83946906379137,186.96139668170682,215.24120470469254,139.29733741229893,354.4561572767537
2024-05-03,620.5558927099573,171.56042294935904,187.65712260618957,216.97740314149345,147.62959184466885,362.7060524266088
2024-05-06,643.9763398953759,174.46292628794816,188.6221001922059,219.8788133526673,146.28515988078072,373.71660503680124
2024-05-07,632.8916632895664,172.69104163201808,192.1566411238001,219.94872428113047,146.8406262307339,375.77107180660255
2024-05-08,631.8992158593163,173.19729809741287,190.0583671059145,219.06315622061024,147.11436058116746,379.270046349141
2024-05-09,620.2623616872406,173.9482503769291,190.70917474477562,220.81100055215765,148.58759418990542,381.5331503128605
2024-05-10,628.1670033098917,174.9691957262946,189.23920621424094,218.4572318739427,147.56380871252537,382.15911105512276
2024-05-13,631.8083775290081,174.5388829198897,189.7890638339417,217.39688649226449,150.16762356645535,375.586474100862
2024-05-14,638.4969696775732,175.73699987001103,191.1355457868463,217.97950126944698,151.09467204763635,378.6681496753102
2024-05-15,661.3792144244654,178.80957860480055,193.5704574964378,216.7210512171338,152.94075901886123,386.4445553969788
2024-05-16,659.4852112344558,177.9262632995457,195.44434652797221,213.97110875763286,153.0374836730092,379.7756130084848
2024-05-17,646.345604108901,177.5965946520823,197.55385441813317,215.2178951352075,153.06166175103343,378.7163269726806
2024-05-20,662.4276157058566,179.76473811632223,198.51884920762924,213.86622458494608,154.0048536349994,376.2525498172612
2024-05-21,666.6630395342762,181.328497708847,199.56239508565398,213.41178576994344,155.0609012338472,372.87396935764116
2024-05-22,663.6158216048274,181.95400154585693,197.91292544743024,213.38849398045036,153.89198557806648,375.4019009753752
2024-05-23,725.4624293759318,180.46632831479025,194.73743834165336,210.96481437377227,150.65130854745044,373.79688414558274
2024-05-24,744.1233321025086,181.80185476884404,196.35325797349032,210.61524195146438,153.15033938789105,383.7802033708746
2024-05-28,796.06637492254,181.8694827658229,197.9353759885012,212.2465562155785,153.15839874723244,385.14448119533773
2024-05-29,802.5242707830351,181.38345113205867,197.3743189034846,212.0950884639056,153.40024123773,380.68245231046706
2024-05-30,772.2963895230814,175.2551974184864,193.1216359132962,208.94897222311863,154.20638698673883,374.81603062699617
2024-05-31,766.2368914835332,175.44961007199208,193.55924082764218,205.59310541695015,154.980282956331,374.6395198247428
2024-06-03,803.7474145013553,174.7691528117705,194.31105009610295,207.8070344582468,156.41520683858238,383.1943330224955
2024-06-04,813.7907840700078,175.84689374348272,195.0067416136262,208.9722640126117,156.6731803898138,382.79308496011083
2024-06-05,855.7463578323457,179.20263309405155,196.82451289422312,211.2328121928784,157.8984992189333,397.29459895011587
2024-06-06,845.6680504443436,179.41816571285202,198.30566368659387,215.56746755751539,156.77796440330317,396.2513146595097
2024-06-07,844.8993117382938,179.13501807002436,195.7585336786072,214.7518104254583,158.72076368662496,395.60930301154195
2024-06-10,851.2034278534697,180.8340206835552,196.60105689577833,217.96783759470847,155.68162000774834,403.34559375907355
2024-06-11,845.1224337204897,182.86689518088573,198.40967592514937,218.16592448535147,166.99175217753893,407.2538541069763
2024-06-12,875.1080972130154,186.40860179343272,199.72403898136477,217.76975070406544,171.76410242865649,408.3532796971713
2024-06-13,905.9326417512009,186.62837656742445,196.76958218338822,214.20415111250742,172.70729431262242,404.5493625264814
2024-06-14,921.7993190325637,187.04679317716148,198.60065175383025,214.00606422186442,171.29654850839523,404.99923033080415
2024-06-17,915.5085913031232,189.49808428422907,199.10617600622078,214.47214893161362,174.66619997257595,406.98342215510445
2024-06-18,947.6610930176769,188.64013109946026,196.69092787398108,213.01561198865744,172.7475787672784,401.2477182611314
2024-06-20,914.1106518076921,188.3696580303998,198.0502092158181,216.8492271793136,169.03128845705973,403.0230762494834
2024-06-21,884.6839934247557,190.094009791465,201.79103707306876,220.32160627292342,167.26584444745316,397.46412896030137
2024-06-24,825.5513341246349,189.20224909468257,201.33044830977963,216.23165693789957,167.78983856720635,400.7817995511031
2024-06-25,881.3288959635751,190.58848681675678,206.73385485682186,217.12887089316632,168.53955645877429,410.1725871792469
2024-06-26,883.495787525785,191.09988057100708,206.56536397617145,225.60009473179727,171.90920792295498,412.1968939776842
2024-06-27,866.6505846017296,191.39151252421726,208.2841292308195,230.54067444310178,172.5944262556895,417.370250826127
2024-06-28,863.5052740771915,188.89794256770517,204.62190407253672,225.18061138102618,169.78904102386693,405.04743220842823
2024-07-01,868.8174761639395,193.03134550524848,205.56554934366577,229.78326456476935,174.7306871893583,405.4169225829545
2024-07-02,857.4242266040294,194.10906049105736,208.09315340213863,233.0459108729896,177.5683098585465,409.2889270565607
2024-07-03,896.6364081148018,194.73879351030686,208.7447007906289,230.237703379772,178.600167037319,409.6584420113407
2024-07-05,879.5116492957696,197.60850122711147,214.1144229243249,233.0459108729896,182.46156284183627,433.7176927130302
2024-07-08,896.0770829641193,197.05062538708046,212.35070497709572,232.21859006619403,183.65465657564116,425.2106635285876
2024-07-09,918.3044702939858,194.21895436452905,212.294535615719,232.27685509991068,184.34792192566604,425.7568859276511
2024-07-10,942.9780383801279,197.05485456932007,214.7659531093354,232.80120484337647,187.81432272809684,429.5244489030294
2024-07-11,890.4854850029411,192.17339232047965,208.46387118722504,227.27802813488148,183.4531232239017,411.8595299948228
2024-07-12,903.3466030371633,191.68734771376376,207.90216036997805,226.62550242923584,185.84734536675083,400.74964857918457
2024-07-15,897.7547383750741,191.86062742902303,209.54227131521895,224.56304113961215,188.95904796380225,398.57269840489516
2024-07-16,883.2161782906259,189.9841159179933,206.61029946527285,224.91261356192004,189.2976274504988,393.4556057573099
2024-07-17,824.7125597593398,187.44829305794008,203.35251091238226,218.98158161740855,184.50915848069843,371.12343742558716
2024-07-18,846.3805152581591,186.11699578612584,199.61168305513158,214.1109306145592,180.72029691025392,382.2573829096568
2024-07-19,824.2931992467833,184.73917750967587,199.57798143830553,213.38849398045036,180.82509326579435,383.0125128854299
2024-07-22,863.5052740771915,187.20316913641395,204.08269540679993,212.71265870531968,180.54295397858974,391.5356667163393
2024-07-23,856.8650614738932,188.0104110531624,204.21748467062432,217.21044549636807,181.3894088663567,392.5719456346238
2024-07-24,798.5711231988854,181.26932807634736,193.9274469046854,210.70846244941256,176.1736704309511,370.545064054605
2024-07-25,784.8014618410338,176.83163158477836,187.91739405129476,209.5665424645327,175.32724022728627,364.2310113699036
2024-07-26,790.2533618649968,179.7351468135966,187.60286283106484,212.654393671603,175.70612885274096,374.10376861378126
2024-07-29,779.9785492457231,180.3522182320306,190.44498090628792,213.4700508036601,175.93184028250462,374.1117326159996
2024-07-30,725.039708431896,178.74196358077336,191.2987379957344,211.7338701468512,176.38328782613405,372.0874258175623
2024-07-31,817.9324891982798,176.8105116194836,192.70293762319304,217.8746170967602,179.02741181882215,381.43800015055405
2024-08-01,763.3431865984926,176.28641734556285,191.82672999267564,214.48381260635213,176.02856493665257,399.8419243880669
2024-08-02,749.7830988165547,172.64330116992673,187.22092837718284,195.642035065878,177.23777738914032,392.1301401535344
2024-08-05,702.1135113748605,167.0053082723583,178.89674944551035,187.62526782224168,168.70076832970457,382.16097915440855
2024-08-06,728.6743084478713,168.8902651749156,177.8182977070772,188.68561320391987,167.05623939432127,396.90984423800444
2024-08-07,691.3494626043317,168.39154599443253,178.54849940497465,189.66441954238033,169.1441565139926,392.7567154021406
2024-08-08,733.7069012994601,170.1919841169558,182.0196971241373,193.19506366970677,171.95757642105448,409.3933685547886
2024-08-09,732.1691571864494,171.5993807231798,183.86203497381416,194.52342465048312,174.31957346858903,415.9323551416514
2024-08-12,762.01512274176,171.93326557993117,182.31177780329628,194.36029322407174,175.56245503636524,414.4703216479831
2024-08-13,811.7816194266011,174.9762659849467,184.41249471530608,198.35702206114735,178.58091343766728,424.58406369972766
2024-08-14,825.3416538683566,176.18076562728243,180.15489152990975,198.20555430947445,178.94409063212407,423.15413201747043
2024-08-15,858.7523438009441,178.26389733932547,181.1996588549966,206.93311229247306,181.36530484063883,431.6452331974762
2024-08-16,870.7745274493245,177.17999425557701,183.0644472457444,206.315542051059,182.43871770532638,423.68432809108214
2024-08-19,908.6586451033646,178.4756029373876,187.23214504597846,207.66721260132041,182.3095704830469,425.17851255666903
2024-08-20,889.4369770411854,179.8601152568917,187.80507253202106,208.43626837439933,182.80996660117563,423.1300433687852
2024-08-21,898.174205567995,179.58067787823745,186.3109847228799,209.86949574787047,182.72119022790955,429.9019524402815
2024-08-22,864.9032135726227,175.94367196283093,184.00807531339365,205.23188709989574,181.211954856233,427.3072608533342
2024-08-23,904.2550930206105,176.4686873163192,186.05260566054696,206.2922324815739,183.0762957209739,424.1502222208567
2024-08-26,883.9151480383414,175.071461504193,186.65921755993585,204.49778679104838,183.35069654216457,418.62345048384697
2024-08-27,896.7762660725637,175.219651530951,184.99663887014427,201.72453476206238,184.03671710821794,417.00071129109324
2024-08-28,877.9739585229411,173.84785270406906,182.9408746507156,199.0212114415315,182.7938231983907,415.1370856114876
2024-08-29,821.9166807684774,174.91481311295576,181.73886752073344,200.5593052076974,185.45716376457736,416.29383235345176
2024-08-30,834.3583316097787,176.61687734307722,183.5362698813089,207.9934754541432,184.8195734068788,418.77604469919146
2024-09-03,754.8856206470244,173.356696754401,176.77356478894984,205.37170895682212,179.79152054192465,411.10442459930346
2024-09-04,742.3740941670244,173.12806145442875,175.75131681885296,201.96924079167547,178.24193900533683,411.8916563864876
2024-09-05,749.3637916441804,172.912126674127,176.63875832164572,207.28268471478094,179.4767612137716,415.2013383948172
2024-09-06,718.7489807024555,170.07958646381468,169.5390542645061,199.70869261140876,178.21772390115942,401.8743426702452
2024-09-09,744.1914475151943,171.78165069393617,167.2780869386451,204.38125672361508,178.29036921369163,405.5053131754769
2024-09-10,755.58459039474,175.37208371290026,167.22184876334936,209.2169700422248,177.64469481254955,405.5053131754769
2024-09-11,817.1636971520476,179.11493594086204,170.03399837685168,215.00816234981795,179.70274416865857,411.1606396396534
2024-09-12,832.8219210013233,180.7915991316425,174.0047679444121,217.8979266662453,179.79152054192465,422.22229459741385
2024-09-13,832.5422584259819,182.31160095823412,177.1206449928627,217.30366599431625,179.5735969463791,421.43508739048343
2024-09-16,816.324816106388,182.62915286885152,177.7955375033708,215.43929159533553,174.58590258838728,428.80046210877066
2024-09-17,808.006414690313,184.24230048832783,179.2128805893568,217.75810480931895,174.96521084357795,431.2448208637194
2024-09-18,792.4879954586169,182.40474675111886,179.76406287699814,217.23373728586114,178.11280412510843,432.55553831523866
2024-09-19,823.9443011149298,185.7411434307697,182.38497860962337,221.24212979767526,184.71465363082777,449.5618293239355
2024-09-20,810.872436020785,184.29310256700984,184.01602332103715,223.25798972832084,184.17391134778777,451.37098516120807
2024-09-23,812.6899493895015,183.54793622393183,182.05876622664465,225.91471168987357,182.77767979560576,453.83146856262357
2024-09-24,844.9151004322289,181.71038248672284,182.55369313551054,226.0079321878218,183.5040465265704,452.96309735777635
2024-09-25,863.3694699732779,182.95516314394814,181.65381351686005,224.3416446794841,182.69697512373216,456.96736817686724
2024-09-26,867.0743190092275,182.616452349181,183.0486372478561,222.7452858796015,183.62510970540635,456.5894713555549
2024-09-27,848.6200028083607,181.22345571929438,184.42097603082175,219.02820075637862,183.8430086168498,456.2035122110092
2024-09-30,848.8995587033376,182.18881197081708,186.55821593033625,217.1172249984198,188.0478590182318,460.28825878091163
2024-10-01,817.8627202399455,178.11994946775872,187.84056331074086,215.71895308918027,182.56784024350372,463.52867363414447
2024-10-02,830.7947273763284,176.61263518788596,186.56946700609132,215.2878060636707,183.02786551261906,460.5857781724274
2024-10-03,858.75586425297,176.36284100376398,186.56946700609132,212.02517753544242,182.13201773651474,468.5944181316242
2024-10-04,873.2257221827283,176.1596067431327,187.91930363754676,217.32695778380932,183.04402125745506,479.1841813776925
2024-10-07,892.7985286644139,173.39904046860377,183.3298625312942,210.673506985181,178.91988786999772,470.2106681373852
2024-10-08,928.9382623395511,175.58801849320204,184.90466906741227,212.91074559596268,182.2127347504394,476.7317111390029
2024-10-09,927.2605002482319,176.7523538772131,182.07001730239975,215.76555444815838,185.2553959138678,474.8179909022336
2024-10-10,942.3595056271893,176.06646095024797,182.31748935857254,217.49008921022076,184.85184787039762,469.44671385051214
2024-10-11,942.2897366688549,176.26968223792755,183.62232168700763,220.01865298958566,183.64932480958376,474.36772981385064
2024-10-14,965.1480316739336,177.46368676237418,185.55709383336966,218.52714280240585,186.6758425702272,474.7455774746554
2024-10-15,919.9208911757603,177.29431190556312,186.1195271967661,218.70193790355583,188.73387958428515,471.40870970566687
2024-10-16,948.7207490775148,176.1850077824737,185.7820637380323,217.76975070406544,187.06323486886137,463.7859797305082
2024-10-17,957.1790084513518,176.43904412178694,183.27360715251874,218.51549690765935,187.3618507942295,463.8985572927308
2024-10-18,964.6585821619497,177.04874690368075,183.82480664363982,220.21673988022866,189.66201416595936,463.52867363414447
2024-10-21,1004.5731471920994,177.31125458042493,184.55597173640314,220.3099603781769,190.8564778674318,462.47536060000397
2024-10-22,1003.7343194866221,181.00753391194428,185.75956158652212,221.04404290703226,190.35609409135415,467.98330386263325
2024-10-23,975.5634490135201,179.7754408014378,183.1048926266316,215.22955880994604,186.2400200632382,453.25255442605874
2024-10-24,981.5052252709248,179.83048503531109,183.03738617210104,217.17549003213645,186.08668242088345,456.54124489767696
2024-10-25,989.404159494079,181.27849995316765,185.90579116437883,218.86506932996724,186.76461894349328,460.939537184547
2024-10-28,982.2741773377035,180.61799509259185,187.5368358757926,219.51759503561289,188.37069004777732,464.88756838303414
2024-10-29,987.3770192092663,182.88743136335603,190.86641454967096,222.36075799306207,188.5886013012718,477.04535517698554
2024-10-30,974.0255448799626,183.1329963652384,196.24325892398255,224.5746870343587,185.70736182364172,475.8552284504147
2024-10-31,928.029558995375,172.04840052587156,192.47499151653403,217.19878182162952,182.3257262278829,456.3804408775765
2024-11-01,946.4838751962418,173.75046475599305,192.67744206620674,230.63387716105802,179.90451201936813,456.0426590304012
2024-11-04,951.027605277851,172.94176986865924,190.37148764080513,228.12864073117018,179.17813294635243,450.83228431979524
2024-11-05,978.0100564912535,174.2119645381772,190.93393820768128,232.46329609580712,180.34032218430607,460.28019645767813
2024-11-06,1017.8546392023403,177.90400171450528,198.54923055286392,241.30738414623903,179.7511620349623,459.97466390343646
2024-11-07,1040.7129342074188,180.12685211587544,203.31865446423848,244.75647145035575,183.59282289983648,475.77490018112576
2024-11-08,1031.9749589180583,178.90323034279987,200.61898120132759,242.5774800932987,183.37467714737187,473.8772554303157
2024-11-11,1015.4079250442423,176.98523133237663,202.86871465491325,241.01607675764777,181.168942808293,468.9160261718252
2024-11-12,1036.5884579580018,179.11069378567075,204.29725720621514,243.42811046957937,181.168942808293,470.2427699487963
2024-11-13,1022.4682449226482,180.02947714075108,201.2151677919893,249.47565470153216,181.88802772913294,466.36710301737975
2024-11-14,1025.893324702892,180.74502623520013,197.503104152877,246.42274117870144,184.39271122895852,464.0834991220241
2024-11-15,992.4798610808293,175.71080748061908,194.0272959011419,236.0871607210818,181.79106857601488,445.5253583724185
2024-11-18,979.6876052218439,176.0325885734761,197.18814284565337,235.02679755941162,184.2311167544454,445.7826644687823
2024-11-19,1027.6409624329099,176.89208553949186,200.36025806939966,238.4176198298117,184.44117846346649,451.1619546832296
2024-11-20,1019.8119038484542,175.91825795053828,197.95304396220223,236.4017776791581,185.02290869807283,454.724026737171
2024-11-21,1025.2643372742393,175.15886027949446,188.56047732774908,231.15824468451584,184.63509676970264,452.7700932052498
2024-11-22,992.2701274843689,176.91100010300525,185.3321067252273,229.69004406682112,185.72583787407677,449.59398029585407
2024-11-25,950.8178716813906,177.67041074700072,188.58294507229976,234.73549017082038,188.14971796562023,454.39430721322907
2024-11-26,957.1091328126531,181.5734789279049,190.2365091387035,242.2046158814978,189.9191484577188,461.17270547171813
2024-11-27,946.0644080033209,179.45224565685038,190.36023656505,239.73433491584154,189.81411760320825,457.68299768484735
2024-11-29,966.4062198919675,179.6516399237917,190.0452752578264,242.23957134572936,191.75322661326345,461.7999443871759
2024-12-02,969.062454285797,182.84198711370766,192.9024291743491,245.5255272234347,193.5792083833135,476.683484681125
2024-12-03,980.4566639689871,182.93531452791558,192.73368024150247,248.70659892845325,196.05156805141598,493.42445643073205
2024-12-04,1014.5692040191294,185.57412965115992,196.14201644566646,254.20648384745513,196.34243316871917,493.5289716697213
2024-12-05,1014.0798611875098,187.78020602603982,194.19601042702908,256.9913817711877,196.3666729569987,489.6291669291121
2024-12-06,995.7640160996672,188.18324968806536,196.5245014109004,264.5420643050748,196.2050784824856,501.5617494381107
2024-12-09,970.3875310923255,189.22264257468464,197.49297130330552,263.44674567917303,199.36421158175602,493.3601053263874
2024-12-10,944.2422006985696,188.08142499052326,208.52924441026687,262.2232510910914,200.18832735710652,497.9836018982101
2024-12-11,973.8829132327257,190.48266645010486,220.04976106517066,268.3057507872758,199.15413753068387,508.7261068411455
2024-12-12,960.1111182675857,190.72448226895887,216.1758126816311,266.8026124853415,200.34185013022716,507.20640807215534
2024-12-13,938.5097313161676,189.75295089244827,213.765846017674,265.04312225904755,200.47919247440967,498.81180896841283
2024-12-16,922.7804583441847,191.5857046375448,221.46872127825296,271.4169115638312,202.8303532011146,502.3445321993643
2024-12-17,911.5253598562056,192.8032939881007,220.0722804201606,269.342804379461,204.80177370084175,498.4818436419333
2024-12-18,901.1790713927669,185.56140318558613,212.16669655771275,256.9564263069561,200.41455715301467,480.5766035927113
2024-12-19,913.5526068213826,185.40867262574875,212.29057881537702,260.18409937095277,201.82040316297147,479.27291609376755
2024-12-20,941.6555219023456,185.22624697957252,215.55641859678957,262.08342923416507,205.61783011685085,470.96813323726553
2024-12-23,976.3996097098868,184.65351710989623,219.18263687196009,262.2465606605765,206.24803992801623,482.71715041118154
2024-12-24,980.2445834045092,186.384433184499,220.84932719341143,266.8958329832897,208.61536874160817,489.07453808326255
2024-12-26,978.2172297589676,185.86685133230915,220.27500622550923,264.56537387455984,209.27786535834346,485.5337033685702
2024-12-27,957.804155386885,182.65106418419722,217.07672450906642,260.7201127891571,206.50658121359635,482.684999439263
2024-12-30,961.1597862498877,180.23285410385054,215.36497827415553,257.86530393696137,203.76759621647017,475.788419320694
2024-12-31,938.7893405513267,178.82011264154463,213.18025677053697,255.63971122092627,202.32942637479033,471.17736035727404
2025-01-02,966.8921489519255,177.5813125150324,213.3266411797114,256.6068538846482,197.02113489849464,482.2262827435865
2025-01-03,1009.9552782577282,179.60497621668773,215.9843551555173,261.23281663787645,196.6252265846299,486.5637634826532
2025-01-06,1044.6293837462063,181.51408875522714,221.70520031086687,265.21789958020554,197.95028152835567,507.1407296341076
2025-01-07,979.6852582538264,179.18920608908837,220.151123967845,258.8091370311983,195.69607995476886,497.23449408460834
2025-01-08,979.4756313377304,180.11831591368627,218.41684117446434,258.83244660068334,196.09196358453153,491.4645744774008
2025-01-10,950.1144213583691,177.73828523006102,216.26589010159086,255.11536147746043,191.36540234284217,495.6008904196925
2025-01-13,931.3791090776056,176.991614024591,215.10596268307188,254.55605626976302,189.38589779967148,489.54131710217246
2025-01-14,921.1026962528655,176.3467675166631,213.58565677079503,253.74038135771397,188.48097861603893,478.21070500776585
2025-01-15,952.4213842390695,180.86074496396503,220.2186820328148,260.25402807940793,192.18951811819267,496.61487504781627
2025-01-16,933.7560542773692,180.12678725111718,217.24564547671056,257.1195577333675,184.4250227186305,491.9313043358032
2025-01-17,962.6977970638096,182.01470198665186,220.72544493574716,263.27196835801504,185.81471298375132,493.1143027887834
2025-01-21,984.508917611688,181.78984181561128,223.03406590050972,268.83011831073367,179.8842833976827,496.08374492456164
2025-01-22,1028.1313720681735,189.29902731403078,223.39442719078787,273.84059117050936,180.8457538592668,501.749050971765
2025-01-23,1029.1799333701115,189.51537722878552,222.95522235282533,274.318339554997,180.70841151508426,512.170291998052
2025-01-24,997.0223109980654,188.39112826538923,225.46655191945675,273.6541679546048,179.9973982956368,521.054480596194
2025-01-27,827.8459220830621,184.36078245579532,216.00687451050723,274.318339554997,185.71775383063326,531.0251164105456
2025-01-28,901.7383965434495,189.72326877906102,219.93714708674125,277.49941126001556,192.50462302377537,542.6534445384981
2025-01-29,864.7571681537241,187.65717055254137,220.0610293444055,276.24097898769435,193.39338646257193,544.3916617634181
2025-01-30,871.3983942204846,176.05826204480184,226.20979385500303,273.4094619249917,191.96328832228454,552.8493829588174
2025-01-31,839.380736486565,176.08797010409236,229.75718578596891,276.9517519470647,190.6786412537253,554.6036756696967
2025-02-03,815.5422622931452,174.3315881253903,226.61521105874084,276.64879866372695,184.22303271100188,561.2668908590645
2025-02-04,829.4538618758648,174.94673954697936,232.41489976177482,282.0554630847806,188.09316668766874,566.6827073305998
2025-02-05,872.656742459065,175.33705674343108,215.46634117682984,275.1922617207708,187.82654135864507,567.2299129398137
2025-02-06,899.5710782597819,176.41039984453215,215.7703954778933,278.29177660257955,188.43251138153093,572.9595700913618
2025-02-07,907.6803861615831,173.83521704915685,208.72068473290093,267.01234527073103,183.9160118488627,574.9955525103353
2025-02-10,933.7560542773692,174.8831072191103,209.99324333332905,271.6616175934443,184.13439210029742,577.3131754768954
2025-02-11,928.3731764491894,174.55219316828797,208.6981825813907,271.2188246731882,188.1543709188694,579.2444951753571
2025-02-12,916.768486406988,173.5339980846734,206.77245946537604,266.7559933463714,191.59197771617997,583.734914253321
2025-02-13,945.780104832127,174.17037325517043,209.62161376381601,268.4339267494556,195.36121542544097,586.2939644723158
2025-02-14,970.6672470078491,173.27520067210267,208.59680247523667,266.46468595778015,197.844386730271,592.8203168087457
2025-02-18,974.5121140221071,173.78855334205286,206.9526315087753,264.0992713848187,197.7392324552499,576.4842801595873
2025-02-19,973.3236947624075,175.96493463059392,208.64185838869628,264.0759795953256,198.06276698170575,566.3447288413944
2025-02-20,979.4756313377304,176.8958995872785,207.8422922604555,259.70636876645705,198.8392671240713,559.1584950125128
2025-02-21,939.7680262145659,173.52912025485102,202.32415570697486,252.36541901795948,198.612790487142,550.0730432965807
2025-02-24,910.7564077894269,171.73946265515326,201.86243151402232,247.85598633216455,199.86650837574783,537.6641446302132
2025-02-25,885.2401181645057,169.14636421354206,197.54927829252023,247.96085272485934,199.8179670889335,529.109872198043
2025-02-26,917.7471720702272,169.92430023250125,194.51993474720132,249.7669620901234,194.41486397640398,542.1465013849437
2025-02-27,839.9400082970652,166.86359174847627,189.75632561198154,243.23002357893637,191.93978905706854,529.7053534256424
2025-02-28,873.2858899082642,168.75952376813393,191.7608578687211,247.35492837819183,195.61195653475195,537.7204825718319
2025-03-03,797.366221822882,165.14619348949827,188.07834980781564,238.8953682142994,192.53024512177345,527.1382408834144
2025-03-04,810.8584075528631,165.19720313540674,192.48159765275722,237.47378673557483,190.83165800275253,515.0270582505926
2025-03-05,820.0163300967845,170.47266689896898,194.84652560673447,242.78723065868024,190.67798712501917,528.280976880735
2025-03-06,772.9684758189618,168.71702437851127,194.09199818847358,233.8615680050467,190.34635621306873,505.3139743351426
2025-03-07,787.7889387664043,167.195167419833,195.79249334762943,232.17198870721592,193.3714546378404,503.4872190361775
2025-03-10,747.8716533869615,161.60513552453406,187.00966964587926,226.68374968296052,183.99688930945112,481.2203604386961
2025-03-11,760.3152244748226,161.72841748411398,184.94643911624004,229.0724738254071,178.62613471274676,487.43292125562084
2025-03-12,809.1851260368499,162.92718308181807,188.4077104275882,231.75250535644483,175.50397839844857,498.57839487870416
2025-03-13,808.0665290756666,161.01424352254037,183.503308014112,225.92635758462006,169.59938072524608,475.30561397633227
2025-03-14,850.6441560429693,165.17595344059544,186.5812513897186,230.65718673054306,172.6811044802756,489.3888212078429
2025-03-17,835.6825549733919,165.23547334278973,185.22830092842878,228.082039372192,173.09361285281452,487.21415699715334
2025-03-18,807.0178077531821,163.03345750177795,181.1469473930492,224.67957120704543,172.0340230853128,469.0593782117558
2025-03-19,821.6298172685374,164.86138530885876,184.7773289103187,227.84897923732547,174.09658963210936,470.42864582773234
2025-03-20,828.6911506104051,164.44478491235344,183.54841553801086,227.1614980674482,173.174502655454,471.9912125592806
2025-03-21,822.8882721874821,166.32372236534272,184.8900805165861,228.6296986851429,176.54740007906318,480.2470315502919
2025-03-24,848.8264293135238,167.09739028320732,189.0503464135691,236.8445528194222,178.53716086666375,498.45008595407484
2025-03-25,843.7926096377442,167.9816007221264,192.297399995097,239.69937945160993,180.97988727017403,504.45872898580336
2025-03-26,795.3421752686379,165.7753427259233,186.0964401269445,234.36262595901943,179.18424226162654,492.1112317933292
